sample_id,sample_stratum,dataset_name,dataset_family,canonical_question_key,question_index,meta_info,pna_year,pna_part,pna_question_number,ground_truth,difficulty,panel_item_accuracy,question_key,dataset_split,language,panel_original_difficulty,panel_original_accuracy,valid_options
medqa_panel4_150_001,medqa_step1_easy,medqa_test,medqa,test:1108,1108,step1,,,,D,easy,1.0,test:1108,test,en,easy,1.0,"[""A"", ""B"", ""C"", ""D"", ""E""]"
medqa_panel4_150_002,medqa_step1_easy,medqa_test,medqa,test:1155,1155,step1,,,,E,easy,1.0,test:1155,test,en,easy,1.0,"[""A"", ""B"", ""C"", ""D"", ""E""]"
medqa_panel4_150_003,medqa_step1_easy,medqa_test,medqa,test:1182,1182,step1,,,,A,easy,0.8333333333333333,test:1182,test,en,easy,0.8333333333333333,"[""A"", ""B"", ""C"", ""D"", ""E""]"
medqa_panel4_150_004,medqa_step1_easy,medqa_test,medqa,test:1194,1194,step1,,,,E,easy,1.0,test:1194,test,en,easy,1.0,"[""A"", ""B"", ""C"", ""D"", ""E""]"
medqa_panel4_150_005,medqa_step1_easy,medqa_test,medqa,test:1207,1207,step1,,,,B,easy,0.9166666666666666,test:1207,test,en,easy,0.9166666666666666,"[""A"", ""B"", ""C"", ""D"", ""E""]"
medqa_panel4_150_006,medqa_step1_easy,medqa_test,medqa,test:140,140,step1,,,,D,easy,0.9166666666666666,test:140,test,en,easy,0.9166666666666666,"[""A"", ""B"", ""C"", ""D"", ""E""]"
medqa_panel4_150_007,medqa_step1_easy,medqa_test,medqa,test:356,356,step1,,,,A,easy,1.0,test:356,test,en,easy,1.0,"[""A"", ""B"", ""C"", ""D"", ""E""]"
medqa_panel4_150_008,medqa_step1_easy,medqa_test,medqa,test:400,400,step1,,,,B,easy,0.8333333333333333,test:400,test,en,easy,0.8333333333333333,"[""A"", ""B"", ""C"", ""D"", ""E""]"
medqa_panel4_150_009,medqa_step1_easy,medqa_test,medqa,test:436,436,step1,,,,C,easy,1.0,test:436,test,en,easy,1.0,"[""A"", ""B"", ""C"", ""D"", ""E""]"
medqa_panel4_150_010,medqa_step1_easy,medqa_test,medqa,test:451,451,step1,,,,E,easy,1.0,test:451,test,en,easy,1.0,"[""A"", ""B"", ""C"", ""D"", ""E""]"
medqa_panel4_150_011,medqa_step1_easy,medqa_test,medqa,test:488,488,step1,,,,A,easy,1.0,test:488,test,en,easy,1.0,"[""A"", ""B"", ""C"", ""D"", ""E""]"
medqa_panel4_150_012,medqa_step1_easy,medqa_test,medqa,test:655,655,step1,,,,B,easy,1.0,test:655,test,en,easy,1.0,"[""A"", ""B"", ""C"", ""D"", ""E""]"
medqa_panel4_150_013,medqa_step1_easy,medqa_test,medqa,test:801,801,step1,,,,B,easy,0.9166666666666666,test:801,test,en,easy,0.9166666666666666,"[""A"", ""B"", ""C"", ""D"", ""E""]"
medqa_panel4_150_014,medqa_step1_easy,medqa_test,medqa,test:811,811,step1,,,,E,easy,1.0,test:811,test,en,easy,1.0,"[""A"", ""B"", ""C"", ""D"", ""E""]"
medqa_panel4_150_015,medqa_step1_easy,medqa_test,medqa,test:857,857,step1,,,,D,easy,1.0,test:857,test,en,easy,1.0,"[""A"", ""B"", ""C"", ""D"", ""E""]"
medqa_panel4_150_016,medqa_step23_easy,medqa_test,medqa,test:1000,1000,step2&3,,,,C,easy,1.0,test:1000,test,en,easy,1.0,"[""A"", ""B"", ""C"", ""D"", ""E""]"
medqa_panel4_150_017,medqa_step23_easy,medqa_test,medqa,test:105,105,step2&3,,,,B,easy,1.0,test:105,test,en,easy,1.0,"[""A"", ""B"", ""C"", ""D"", ""E""]"
medqa_panel4_150_018,medqa_step23_easy,medqa_test,medqa,test:1083,1083,step2&3,,,,A,easy,1.0,test:1083,test,en,easy,1.0,"[""A"", ""B"", ""C"", ""D"", ""E""]"
medqa_panel4_150_019,medqa_step23_easy,medqa_test,medqa,test:1259,1259,step2&3,,,,C,easy,1.0,test:1259,test,en,easy,1.0,"[""A"", ""B"", ""C"", ""D"", ""E""]"
medqa_panel4_150_020,medqa_step23_easy,medqa_test,medqa,test:1264,1264,step2&3,,,,B,easy,1.0,test:1264,test,en,easy,1.0,"[""A"", ""B"", ""C"", ""D"", ""E""]"
medqa_panel4_150_021,medqa_step23_easy,medqa_test,medqa,test:1271,1271,step2&3,,,,C,easy,1.0,test:1271,test,en,easy,1.0,"[""A"", ""B"", ""C"", ""D"", ""E""]"
medqa_panel4_150_022,medqa_step23_easy,medqa_test,medqa,test:133,133,step2&3,,,,B,easy,1.0,test:133,test,en,easy,1.0,"[""A"", ""B"", ""C"", ""D"", ""E""]"
medqa_panel4_150_023,medqa_step23_easy,medqa_test,medqa,test:144,144,step2&3,,,,D,easy,1.0,test:144,test,en,easy,1.0,"[""A"", ""B"", ""C"", ""D"", ""E""]"
medqa_panel4_150_024,medqa_step23_easy,medqa_test,medqa,test:161,161,step2&3,,,,B,easy,1.0,test:161,test,en,easy,1.0,"[""A"", ""B"", ""C"", ""D"", ""E""]"
medqa_panel4_150_025,medqa_step23_easy,medqa_test,medqa,test:170,170,step2&3,,,,C,easy,1.0,test:170,test,en,easy,1.0,"[""A"", ""B"", ""C"", ""D"", ""E""]"
medqa_panel4_150_026,medqa_step23_easy,medqa_test,medqa,test:192,192,step2&3,,,,E,easy,1.0,test:192,test,en,easy,1.0,"[""A"", ""B"", ""C"", ""D"", ""E""]"
medqa_panel4_150_027,medqa_step23_easy,medqa_test,medqa,test:2,2,step2&3,,,,C,easy,1.0,test:2,test,en,easy,1.0,"[""A"", ""B"", ""C"", ""D"", ""E""]"
medqa_panel4_150_028,medqa_step23_easy,medqa_test,medqa,test:232,232,step2&3,,,,D,easy,1.0,test:232,test,en,easy,1.0,"[""A"", ""B"", ""C"", ""D"", ""E""]"
medqa_panel4_150_029,medqa_step23_easy,medqa_test,medqa,test:260,260,step2&3,,,,C,easy,1.0,test:260,test,en,easy,1.0,"[""A"", ""B"", ""C"", ""D"", ""E""]"
medqa_panel4_150_030,medqa_step23_easy,medqa_test,medqa,test:261,261,step2&3,,,,C,easy,1.0,test:261,test,en,easy,1.0,"[""A"", ""B"", ""C"", ""D"", ""E""]"
medqa_panel4_150_031,medqa_step23_easy,medqa_test,medqa,test:279,279,step2&3,,,,B,easy,1.0,test:279,test,en,easy,1.0,"[""A"", ""B"", ""C"", ""D"", ""E""]"
medqa_panel4_150_032,medqa_step23_easy,medqa_test,medqa,test:316,316,step2&3,,,,A,easy,1.0,test:316,test,en,easy,1.0,"[""A"", ""B"", ""C"", ""D"", ""E""]"
medqa_panel4_150_033,medqa_step23_easy,medqa_test,medqa,test:374,374,step2&3,,,,D,easy,1.0,test:374,test,en,easy,1.0,"[""A"", ""B"", ""C"", ""D"", ""E""]"
medqa_panel4_150_034,medqa_step23_easy,medqa_test,medqa,test:387,387,step2&3,,,,B,easy,1.0,test:387,test,en,easy,1.0,"[""A"", ""B"", ""C"", ""D"", ""E""]"
medqa_panel4_150_035,medqa_step23_easy,medqa_test,medqa,test:504,504,step2&3,,,,C,easy,1.0,test:504,test,en,easy,1.0,"[""A"", ""B"", ""C"", ""D"", ""E""]"
medqa_panel4_150_036,medqa_step23_easy,medqa_test,medqa,test:51,51,step2&3,,,,A,easy,0.8333333333333334,test:51,test,en,easy,0.8333333333333334,"[""A"", ""B"", ""C"", ""D"", ""E""]"
medqa_panel4_150_037,medqa_step23_easy,medqa_test,medqa,test:528,528,step2&3,,,,D,easy,0.9166666666666666,test:528,test,en,easy,0.9166666666666666,"[""A"", ""B"", ""C"", ""D"", ""E""]"
medqa_panel4_150_038,medqa_step23_easy,medqa_test,medqa,test:578,578,step2&3,,,,B,easy,1.0,test:578,test,en,easy,1.0,"[""A"", ""B"", ""C"", ""D"", ""E""]"
medqa_panel4_150_039,medqa_step23_easy,medqa_test,medqa,test:628,628,step2&3,,,,C,easy,1.0,test:628,test,en,easy,1.0,"[""A"", ""B"", ""C"", ""D"", ""E""]"
medqa_panel4_150_040,medqa_step23_easy,medqa_test,medqa,test:66,66,step2&3,,,,D,easy,1.0,test:66,test,en,easy,1.0,"[""A"", ""B"", ""C"", ""D"", ""E""]"
medqa_panel4_150_041,medqa_step23_easy,medqa_test,medqa,test:684,684,step2&3,,,,B,easy,0.8333333333333333,test:684,test,en,easy,0.8333333333333333,"[""A"", ""B"", ""C"", ""D"", ""E""]"
medqa_panel4_150_042,medqa_step23_easy,medqa_test,medqa,test:704,704,step2&3,,,,E,easy,1.0,test:704,test,en,easy,1.0,"[""A"", ""B"", ""C"", ""D"", ""E""]"
medqa_panel4_150_043,medqa_step23_easy,medqa_test,medqa,test:729,729,step2&3,,,,D,easy,1.0,test:729,test,en,easy,1.0,"[""A"", ""B"", ""C"", ""D"", ""E""]"
medqa_panel4_150_044,medqa_step23_easy,medqa_test,medqa,test:782,782,step2&3,,,,E,easy,1.0,test:782,test,en,easy,1.0,"[""A"", ""B"", ""C"", ""D"", ""E""]"
medqa_panel4_150_045,medqa_step23_easy,medqa_test,medqa,test:804,804,step2&3,,,,A,easy,1.0,test:804,test,en,easy,1.0,"[""A"", ""B"", ""C"", ""D"", ""E""]"
medqa_panel4_150_046,medqa_step23_easy,medqa_test,medqa,test:846,846,step2&3,,,,D,easy,1.0,test:846,test,en,easy,1.0,"[""A"", ""B"", ""C"", ""D"", ""E""]"
medqa_panel4_150_047,medqa_step23_easy,medqa_test,medqa,test:86,86,step2&3,,,,C,easy,1.0,test:86,test,en,easy,1.0,"[""A"", ""B"", ""C"", ""D"", ""E""]"
medqa_panel4_150_048,medqa_step23_easy,medqa_test,medqa,test:946,946,step2&3,,,,D,easy,1.0,test:946,test,en,easy,1.0,"[""A"", ""B"", ""C"", ""D"", ""E""]"
medqa_panel4_150_049,medqa_step23_easy,medqa_test,medqa,test:956,956,step2&3,,,,B,easy,1.0,test:956,test,en,easy,1.0,"[""A"", ""B"", ""C"", ""D"", ""E""]"
medqa_panel4_150_050,medqa_step23_easy,medqa_test,medqa,test:991,991,step2&3,,,,D,easy,1.0,test:991,test,en,easy,1.0,"[""A"", ""B"", ""C"", ""D"", ""E""]"
medqa_panel4_150_051,medqa_step1_hard,medqa_test,medqa,test:1076,1076,step1,,,,B,hard,0.0,test:1076,test,en,hard,0.0,"[""A"", ""B"", ""C"", ""D"", ""E""]"
medqa_panel4_150_052,medqa_step1_hard,medqa_test,medqa,test:1100,1100,step1,,,,B,hard,0.3333333333333333,test:1100,test,en,hard,0.3333333333333333,"[""A"", ""B"", ""C"", ""D"", ""E""]"
medqa_panel4_150_053,medqa_step1_hard,medqa_test,medqa,test:1106,1106,step1,,,,C,hard,0.0,test:1106,test,en,hard,0.0,"[""A"", ""B"", ""C"", ""D"", ""E""]"
medqa_panel4_150_054,medqa_step1_hard,medqa_test,medqa,test:1135,1135,step1,,,,E,hard,0.0,test:1135,test,en,hard,0.0,"[""A"", ""B"", ""C"", ""D"", ""E""]"
medqa_panel4_150_055,medqa_step1_hard,medqa_test,medqa,test:1161,1161,step1,,,,B,hard,0.3333333333333333,test:1161,test,en,hard,0.3333333333333333,"[""A"", ""B"", ""C"", ""D"", ""E""]"
medqa_panel4_150_056,medqa_step1_hard,medqa_test,medqa,test:1220,1220,step1,,,,A,hard,0.3333333333333333,test:1220,test,en,hard,0.3333333333333333,"[""A"", ""B"", ""C"", ""D"", ""E""]"
medqa_panel4_150_057,medqa_step1_hard,medqa_test,medqa,test:452,452,step1,,,,C,hard,0.25,test:452,test,en,hard,0.25,"[""A"", ""B"", ""C"", ""D"", ""E""]"
medqa_panel4_150_058,medqa_step1_hard,medqa_test,medqa,test:480,480,step1,,,,B,hard,0.25,test:480,test,en,hard,0.25,"[""A"", ""B"", ""C"", ""D"", ""E""]"
medqa_panel4_150_059,medqa_step1_hard,medqa_test,medqa,test:564,564,step1,,,,A,hard,0.0,test:564,test,en,hard,0.0,"[""A"", ""B"", ""C"", ""D"", ""E""]"
medqa_panel4_150_060,medqa_step1_hard,medqa_test,medqa,test:583,583,step1,,,,E,hard,0.0,test:583,test,en,hard,0.0,"[""A"", ""B"", ""C"", ""D"", ""E""]"
medqa_panel4_150_061,medqa_step1_hard,medqa_test,medqa,test:64,64,step1,,,,A,hard,0.25,test:64,test,en,hard,0.25,"[""A"", ""B"", ""C"", ""D"", ""E""]"
medqa_panel4_150_062,medqa_step1_hard,medqa_test,medqa,test:69,69,step1,,,,A,hard,0.1666666666666666,test:69,test,en,hard,0.1666666666666666,"[""A"", ""B"", ""C"", ""D"", ""E""]"
medqa_panel4_150_063,medqa_step1_hard,medqa_test,medqa,test:850,850,step1,,,,C,hard,0.0,test:850,test,en,hard,0.0,"[""A"", ""B"", ""C"", ""D"", ""E""]"
medqa_panel4_150_064,medqa_step1_hard,medqa_test,medqa,test:856,856,step1,,,,D,hard,0.1666666666666666,test:856,test,en,hard,0.1666666666666666,"[""A"", ""B"", ""C"", ""D"", ""E""]"
medqa_panel4_150_065,medqa_step1_hard,medqa_test,medqa,test:993,993,step1,,,,A,hard,0.1666666666666666,test:993,test,en,hard,0.1666666666666666,"[""A"", ""B"", ""C"", ""D"", ""E""]"
medqa_panel4_150_066,medqa_step23_hard,medqa_test,medqa,test:106,106,step2&3,,,,C,hard,0.0833333333333333,test:106,test,en,hard,0.0833333333333333,"[""A"", ""B"", ""C"", ""D"", ""E""]"
medqa_panel4_150_067,medqa_step23_hard,medqa_test,medqa,test:1164,1164,step2&3,,,,A,hard,0.1666666666666666,test:1164,test,en,hard,0.1666666666666666,"[""A"", ""B"", ""C"", ""D"", ""E""]"
medqa_panel4_150_068,medqa_step23_hard,medqa_test,medqa,test:1233,1233,step2&3,,,,B,hard,0.0833333333333333,test:1233,test,en,hard,0.0833333333333333,"[""A"", ""B"", ""C"", ""D"", ""E""]"
medqa_panel4_150_069,medqa_step23_hard,medqa_test,medqa,test:1269,1269,step2&3,,,,E,hard,0.3333333333333333,test:1269,test,en,hard,0.3333333333333333,"[""A"", ""B"", ""C"", ""D"", ""E""]"
medqa_panel4_150_070,medqa_step23_hard,medqa_test,medqa,test:1270,1270,step2&3,,,,C,hard,0.0833333333333333,test:1270,test,en,hard,0.0833333333333333,"[""A"", ""B"", ""C"", ""D"", ""E""]"
medqa_panel4_150_071,medqa_step23_hard,medqa_test,medqa,test:128,128,step2&3,,,,A,hard,0.25,test:128,test,en,hard,0.25,"[""A"", ""B"", ""C"", ""D"", ""E""]"
medqa_panel4_150_072,medqa_step23_hard,medqa_test,medqa,test:15,15,step2&3,,,,B,hard,0.25,test:15,test,en,hard,0.25,"[""A"", ""B"", ""C"", ""D"", ""E""]"
medqa_panel4_150_073,medqa_step23_hard,medqa_test,medqa,test:155,155,step2&3,,,,E,hard,0.3333333333333333,test:155,test,en,hard,0.3333333333333333,"[""A"", ""B"", ""C"", ""D"", ""E""]"
medqa_panel4_150_074,medqa_step23_hard,medqa_test,medqa,test:19,19,step2&3,,,,E,hard,0.3333333333333333,test:19,test,en,hard,0.3333333333333333,"[""A"", ""B"", ""C"", ""D"", ""E""]"
medqa_panel4_150_075,medqa_step23_hard,medqa_test,medqa,test:211,211,step2&3,,,,B,hard,0.0833333333333333,test:211,test,en,hard,0.0833333333333333,"[""A"", ""B"", ""C"", ""D"", ""E""]"
medqa_panel4_150_076,medqa_step23_hard,medqa_test,medqa,test:250,250,step2&3,,,,A,hard,0.0833333333333333,test:250,test,en,hard,0.0833333333333333,"[""A"", ""B"", ""C"", ""D"", ""E""]"
medqa_panel4_150_077,medqa_step23_hard,medqa_test,medqa,test:271,271,step2&3,,,,B,hard,0.25,test:271,test,en,hard,0.25,"[""A"", ""B"", ""C"", ""D"", ""E""]"
medqa_panel4_150_078,medqa_step23_hard,medqa_test,medqa,test:285,285,step2&3,,,,D,hard,0.0,test:285,test,en,hard,0.0,"[""A"", ""B"", ""C"", ""D"", ""E""]"
medqa_panel4_150_079,medqa_step23_hard,medqa_test,medqa,test:29,29,step2&3,,,,D,hard,0.1666666666666666,test:29,test,en,hard,0.1666666666666666,"[""A"", ""B"", ""C"", ""D"", ""E""]"
medqa_panel4_150_080,medqa_step23_hard,medqa_test,medqa,test:337,337,step2&3,,,,C,hard,0.25,test:337,test,en,hard,0.25,"[""A"", ""B"", ""C"", ""D"", ""E""]"
medqa_panel4_150_081,medqa_step23_hard,medqa_test,medqa,test:413,413,step2&3,,,,B,hard,0.25,test:413,test,en,hard,0.25,"[""A"", ""B"", ""C"", ""D"", ""E""]"
medqa_panel4_150_082,medqa_step23_hard,medqa_test,medqa,test:423,423,step2&3,,,,E,hard,0.0833333333333333,test:423,test,en,hard,0.0833333333333333,"[""A"", ""B"", ""C"", ""D"", ""E""]"
medqa_panel4_150_083,medqa_step23_hard,medqa_test,medqa,test:44,44,step2&3,,,,B,hard,0.25,test:44,test,en,hard,0.25,"[""A"", ""B"", ""C"", ""D"", ""E""]"
medqa_panel4_150_084,medqa_step23_hard,medqa_test,medqa,test:461,461,step2&3,,,,D,hard,0.1666666666666666,test:461,test,en,hard,0.1666666666666666,"[""A"", ""B"", ""C"", ""D"", ""E""]"
medqa_panel4_150_085,medqa_step23_hard,medqa_test,medqa,test:483,483,step2&3,,,,D,hard,0.0,test:483,test,en,hard,0.0,"[""A"", ""B"", ""C"", ""D"", ""E""]"
medqa_panel4_150_086,medqa_step23_hard,medqa_test,medqa,test:5,5,step2&3,,,,E,hard,0.0,test:5,test,en,hard,0.0,"[""A"", ""B"", ""C"", ""D"", ""E""]"
medqa_panel4_150_087,medqa_step23_hard,medqa_test,medqa,test:514,514,step2&3,,,,B,hard,0.1666666666666666,test:514,test,en,hard,0.1666666666666666,"[""A"", ""B"", ""C"", ""D"", ""E""]"
medqa_panel4_150_088,medqa_step23_hard,medqa_test,medqa,test:587,587,step2&3,,,,E,hard,0.3333333333333333,test:587,test,en,hard,0.3333333333333333,"[""A"", ""B"", ""C"", ""D"", ""E""]"
medqa_panel4_150_089,medqa_step23_hard,medqa_test,medqa,test:616,616,step2&3,,,,E,hard,0.3333333333333333,test:616,test,en,hard,0.3333333333333333,"[""A"", ""B"", ""C"", ""D"", ""E""]"
medqa_panel4_150_090,medqa_step23_hard,medqa_test,medqa,test:634,634,step2&3,,,,A,hard,0.1666666666666666,test:634,test,en,hard,0.1666666666666666,"[""A"", ""B"", ""C"", ""D"", ""E""]"
medqa_panel4_150_091,medqa_step23_hard,medqa_test,medqa,test:659,659,step2&3,,,,D,hard,0.25,test:659,test,en,hard,0.25,"[""A"", ""B"", ""C"", ""D"", ""E""]"
medqa_panel4_150_092,medqa_step23_hard,medqa_test,medqa,test:677,677,step2&3,,,,A,hard,0.1666666666666666,test:677,test,en,hard,0.1666666666666666,"[""A"", ""B"", ""C"", ""D"", ""E""]"
medqa_panel4_150_093,medqa_step23_hard,medqa_test,medqa,test:706,706,step2&3,,,,C,hard,0.0833333333333333,test:706,test,en,hard,0.0833333333333333,"[""A"", ""B"", ""C"", ""D"", ""E""]"
medqa_panel4_150_094,medqa_step23_hard,medqa_test,medqa,test:755,755,step2&3,,,,D,hard,0.25,test:755,test,en,hard,0.25,"[""A"", ""B"", ""C"", ""D"", ""E""]"
medqa_panel4_150_095,medqa_step23_hard,medqa_test,medqa,test:803,803,step2&3,,,,B,hard,0.25,test:803,test,en,hard,0.25,"[""A"", ""B"", ""C"", ""D"", ""E""]"
medqa_panel4_150_096,medqa_step23_hard,medqa_test,medqa,test:807,807,step2&3,,,,A,hard,0.3333333333333333,test:807,test,en,hard,0.3333333333333333,"[""A"", ""B"", ""C"", ""D"", ""E""]"
medqa_panel4_150_097,medqa_step23_hard,medqa_test,medqa,test:829,829,step2&3,,,,E,hard,0.0,test:829,test,en,hard,0.0,"[""A"", ""B"", ""C"", ""D"", ""E""]"
medqa_panel4_150_098,medqa_step23_hard,medqa_test,medqa,test:880,880,step2&3,,,,C,hard,0.0,test:880,test,en,hard,0.0,"[""A"", ""B"", ""C"", ""D"", ""E""]"
medqa_panel4_150_099,medqa_step23_hard,medqa_test,medqa,test:885,885,step2&3,,,,C,hard,0.25,test:885,test,en,hard,0.25,"[""A"", ""B"", ""C"", ""D"", ""E""]"
medqa_panel4_150_100,medqa_step23_hard,medqa_test,medqa,test:887,887,step2&3,,,,A,hard,0.0,test:887,test,en,hard,0.0,"[""A"", ""B"", ""C"", ""D"", ""E""]"
medqa_panel4_150_101,medqa_step1_medium,medqa_test,medqa,test:1010,1010,step1,,,,C,medium,0.75,test:1010,test,en,medium,0.75,"[""A"", ""B"", ""C"", ""D"", ""E""]"
medqa_panel4_150_102,medqa_step1_medium,medqa_test,medqa,test:1057,1057,step1,,,,B,medium,0.5833333333333333,test:1057,test,en,medium,0.5833333333333333,"[""A"", ""B"", ""C"", ""D"", ""E""]"
medqa_panel4_150_103,medqa_step1_medium,medqa_test,medqa,test:1140,1140,step1,,,,C,medium,0.5,test:1140,test,en,medium,0.5,"[""A"", ""B"", ""C"", ""D"", ""E""]"
medqa_panel4_150_104,medqa_step1_medium,medqa_test,medqa,test:1153,1153,step1,,,,A,medium,0.75,test:1153,test,en,medium,0.75,"[""A"", ""B"", ""C"", ""D"", ""E""]"
medqa_panel4_150_105,medqa_step1_medium,medqa_test,medqa,test:196,196,step1,,,,A,medium,0.4166666666666666,test:196,test,en,medium,0.4166666666666666,"[""A"", ""B"", ""C"", ""D"", ""E""]"
medqa_panel4_150_106,medqa_step1_medium,medqa_test,medqa,test:198,198,step1,,,,E,medium,0.4166666666666666,test:198,test,en,medium,0.4166666666666666,"[""A"", ""B"", ""C"", ""D"", ""E""]"
medqa_panel4_150_107,medqa_step1_medium,medqa_test,medqa,test:204,204,step1,,,,C,medium,0.5,test:204,test,en,medium,0.5,"[""A"", ""B"", ""C"", ""D"", ""E""]"
medqa_panel4_150_108,medqa_step1_medium,medqa_test,medqa,test:36,36,step1,,,,E,medium,0.75,test:36,test,en,medium,0.75,"[""A"", ""B"", ""C"", ""D"", ""E""]"
medqa_panel4_150_109,medqa_step1_medium,medqa_test,medqa,test:425,425,step1,,,,C,medium,0.6666666666666666,test:425,test,en,medium,0.6666666666666666,"[""A"", ""B"", ""C"", ""D"", ""E""]"
medqa_panel4_150_110,medqa_step1_medium,medqa_test,medqa,test:524,524,step1,,,,B,medium,0.5833333333333333,test:524,test,en,medium,0.5833333333333333,"[""A"", ""B"", ""C"", ""D"", ""E""]"
medqa_panel4_150_111,medqa_step1_medium,medqa_test,medqa,test:673,673,step1,,,,E,medium,0.6666666666666666,test:673,test,en,medium,0.6666666666666666,"[""A"", ""B"", ""C"", ""D"", ""E""]"
medqa_panel4_150_112,medqa_step1_medium,medqa_test,medqa,test:679,679,step1,,,,C,medium,0.6666666666666666,test:679,test,en,medium,0.6666666666666666,"[""A"", ""B"", ""C"", ""D"", ""E""]"
medqa_panel4_150_113,medqa_step1_medium,medqa_test,medqa,test:752,752,step1,,,,C,medium,0.5,test:752,test,en,medium,0.5,"[""A"", ""B"", ""C"", ""D"", ""E""]"
medqa_panel4_150_114,medqa_step1_medium,medqa_test,medqa,test:758,758,step1,,,,E,medium,0.5,test:758,test,en,medium,0.5,"[""A"", ""B"", ""C"", ""D"", ""E""]"
medqa_panel4_150_115,medqa_step1_medium,medqa_test,medqa,test:798,798,step1,,,,C,medium,0.75,test:798,test,en,medium,0.75,"[""A"", ""B"", ""C"", ""D"", ""E""]"
medqa_panel4_150_116,medqa_step23_medium,medqa_test,medqa,test:100,100,step2&3,,,,E,medium,0.75,test:100,test,en,medium,0.75,"[""A"", ""B"", ""C"", ""D"", ""E""]"
medqa_panel4_150_117,medqa_step23_medium,medqa_test,medqa,test:1008,1008,step2&3,,,,E,medium,0.5833333333333334,test:1008,test,en,medium,0.5833333333333334,"[""A"", ""B"", ""C"", ""D"", ""E""]"
medqa_panel4_150_118,medqa_step23_medium,medqa_test,medqa,test:1030,1030,step2&3,,,,A,medium,0.6666666666666667,test:1030,test,en,medium,0.6666666666666667,"[""A"", ""B"", ""C"", ""D"", ""E""]"
medqa_panel4_150_119,medqa_step23_medium,medqa_test,medqa,test:1054,1054,step2&3,,,,A,medium,0.75,test:1054,test,en,medium,0.75,"[""A"", ""B"", ""C"", ""D"", ""E""]"
medqa_panel4_150_120,medqa_step23_medium,medqa_test,medqa,test:1074,1074,step2&3,,,,C,medium,0.6666666666666666,test:1074,test,en,medium,0.6666666666666666,"[""A"", ""B"", ""C"", ""D"", ""E""]"
medqa_panel4_150_121,medqa_step23_medium,medqa_test,medqa,test:1149,1149,step2&3,,,,B,medium,0.6666666666666666,test:1149,test,en,medium,0.6666666666666666,"[""A"", ""B"", ""C"", ""D"", ""E""]"
medqa_panel4_150_122,medqa_step23_medium,medqa_test,medqa,test:117,117,step2&3,,,,D,medium,0.5833333333333334,test:117,test,en,medium,0.5833333333333334,"[""A"", ""B"", ""C"", ""D"", ""E""]"
medqa_panel4_150_123,medqa_step23_medium,medqa_test,medqa,test:1179,1179,step2&3,,,,C,medium,0.75,test:1179,test,en,medium,0.75,"[""A"", ""B"", ""C"", ""D"", ""E""]"
medqa_panel4_150_124,medqa_step23_medium,medqa_test,medqa,test:1203,1203,step2&3,,,,C,medium,0.75,test:1203,test,en,medium,0.75,"[""A"", ""B"", ""C"", ""D"", ""E""]"
medqa_panel4_150_125,medqa_step23_medium,medqa_test,medqa,test:171,171,step2&3,,,,D,medium,0.75,test:171,test,en,medium,0.75,"[""A"", ""B"", ""C"", ""D"", ""E""]"
medqa_panel4_150_126,medqa_step23_medium,medqa_test,medqa,test:185,185,step2&3,,,,D,medium,0.4999999999999999,test:185,test,en,medium,0.4999999999999999,"[""A"", ""B"", ""C"", ""D"", ""E""]"
medqa_panel4_150_127,medqa_step23_medium,medqa_test,medqa,test:241,241,step2&3,,,,B,medium,0.4166666666666666,test:241,test,en,medium,0.4166666666666666,"[""A"", ""B"", ""C"", ""D"", ""E""]"
medqa_panel4_150_128,medqa_step23_medium,medqa_test,medqa,test:326,326,step2&3,,,,B,medium,0.75,test:326,test,en,medium,0.75,"[""A"", ""B"", ""C"", ""D"", ""E""]"
medqa_panel4_150_129,medqa_step23_medium,medqa_test,medqa,test:345,345,step2&3,,,,C,medium,0.75,test:345,test,en,medium,0.75,"[""A"", ""B"", ""C"", ""D"", ""E""]"
medqa_panel4_150_130,medqa_step23_medium,medqa_test,medqa,test:358,358,step2&3,,,,B,medium,0.75,test:358,test,en,medium,0.75,"[""A"", ""B"", ""C"", ""D"", ""E""]"
medqa_panel4_150_131,medqa_step23_medium,medqa_test,medqa,test:372,372,step2&3,,,,E,medium,0.4166666666666666,test:372,test,en,medium,0.4166666666666666,"[""A"", ""B"", ""C"", ""D"", ""E""]"
medqa_panel4_150_132,medqa_step23_medium,medqa_test,medqa,test:401,401,step2&3,,,,C,medium,0.4166666666666666,test:401,test,en,medium,0.4166666666666666,"[""A"", ""B"", ""C"", ""D"", ""E""]"
medqa_panel4_150_133,medqa_step23_medium,medqa_test,medqa,test:42,42,step2&3,,,,A,medium,0.75,test:42,test,en,medium,0.75,"[""A"", ""B"", ""C"", ""D"", ""E""]"
medqa_panel4_150_134,medqa_step23_medium,medqa_test,medqa,test:422,422,step2&3,,,,A,medium,0.5,test:422,test,en,medium,0.5,"[""A"", ""B"", ""C"", ""D"", ""E""]"
medqa_panel4_150_135,medqa_step23_medium,medqa_test,medqa,test:460,460,step2&3,,,,A,medium,0.6666666666666666,test:460,test,en,medium,0.6666666666666666,"[""A"", ""B"", ""C"", ""D"", ""E""]"
medqa_panel4_150_136,medqa_step23_medium,medqa_test,medqa,test:471,471,step2&3,,,,D,medium,0.5,test:471,test,en,medium,0.5,"[""A"", ""B"", ""C"", ""D"", ""E""]"
medqa_panel4_150_137,medqa_step23_medium,medqa_test,medqa,test:486,486,step2&3,,,,C,medium,0.6666666666666666,test:486,test,en,medium,0.6666666666666666,"[""A"", ""B"", ""C"", ""D"", ""E""]"
medqa_panel4_150_138,medqa_step23_medium,medqa_test,medqa,test:550,550,step2&3,,,,A,medium,0.5,test:550,test,en,medium,0.5,"[""A"", ""B"", ""C"", ""D"", ""E""]"
medqa_panel4_150_139,medqa_step23_medium,medqa_test,medqa,test:581,581,step2&3,,,,D,medium,0.7499999999999999,test:581,test,en,medium,0.7499999999999999,"[""A"", ""B"", ""C"", ""D"", ""E""]"
medqa_panel4_150_140,medqa_step23_medium,medqa_test,medqa,test:594,594,step2&3,,,,D,medium,0.5,test:594,test,en,medium,0.5,"[""A"", ""B"", ""C"", ""D"", ""E""]"
medqa_panel4_150_141,medqa_step23_medium,medqa_test,medqa,test:652,652,step2&3,,,,D,medium,0.5,test:652,test,en,medium,0.5,"[""A"", ""B"", ""C"", ""D"", ""E""]"
medqa_panel4_150_142,medqa_step23_medium,medqa_test,medqa,test:691,691,step2&3,,,,C,medium,0.75,test:691,test,en,medium,0.75,"[""A"", ""B"", ""C"", ""D"", ""E""]"
medqa_panel4_150_143,medqa_step23_medium,medqa_test,medqa,test:745,745,step2&3,,,,A,medium,0.5833333333333333,test:745,test,en,medium,0.5833333333333333,"[""A"", ""B"", ""C"", ""D"", ""E""]"
medqa_panel4_150_144,medqa_step23_medium,medqa_test,medqa,test:908,908,step2&3,,,,C,medium,0.75,test:908,test,en,medium,0.75,"[""A"", ""B"", ""C"", ""D"", ""E""]"
medqa_panel4_150_145,medqa_step23_medium,medqa_test,medqa,test:934,934,step2&3,,,,B,medium,0.6666666666666666,test:934,test,en,medium,0.6666666666666666,"[""A"", ""B"", ""C"", ""D"", ""E""]"
medqa_panel4_150_146,medqa_step23_medium,medqa_test,medqa,test:936,936,step2&3,,,,B,medium,0.6666666666666666,test:936,test,en,medium,0.6666666666666666,"[""A"", ""B"", ""C"", ""D"", ""E""]"
medqa_panel4_150_147,medqa_step23_medium,medqa_test,medqa,test:944,944,step2&3,,,,E,medium,0.4999999999999999,test:944,test,en,medium,0.4999999999999999,"[""A"", ""B"", ""C"", ""D"", ""E""]"
medqa_panel4_150_148,medqa_step23_medium,medqa_test,medqa,test:961,961,step2&3,,,,A,medium,0.5833333333333333,test:961,test,en,medium,0.5833333333333333,"[""A"", ""B"", ""C"", ""D"", ""E""]"
medqa_panel4_150_149,medqa_step23_medium,medqa_test,medqa,test:980,980,step2&3,,,,C,medium,0.5833333333333334,test:980,test,en,medium,0.5833333333333334,"[""A"", ""B"", ""C"", ""D"", ""E""]"
medqa_panel4_150_150,medqa_step23_medium,medqa_test,medqa,test:983,983,step2&3,,,,D,medium,0.6666666666666666,test:983,test,en,medium,0.6666666666666666,"[""A"", ""B"", ""C"", ""D"", ""E""]"
pna_panel4_150_001,pna_easy,pna_all,pna,pna:2018:part_1A:28,25,,2018.0,part_1A,28.0,C,easy,1.0,pna:2018:part_1A:28,eval,pt,easy,1.0,"[""A"", ""B"", ""C"", ""D"", ""E""]"
pna_panel4_150_002,pna_easy,pna_all,pna,pna:2018:part_1A:52,49,,2018.0,part_1A,52.0,D,easy,1.0,pna:2018:part_1A:52,eval,pt,easy,1.0,"[""A"", ""B"", ""C"", ""D"", ""E""]"
pna_panel4_150_003,pna_easy,pna_all,pna,pna:2018:part_1A:63,60,,2018.0,part_1A,63.0,E,easy,1.0,pna:2018:part_1A:63,eval,pt,easy,1.0,"[""A"", ""B"", ""C"", ""D"", ""E""]"
pna_panel4_150_004,pna_easy,pna_all,pna,pna:2018:part_1A:64,61,,2018.0,part_1A,64.0,C,easy,1.0,pna:2018:part_1A:64,eval,pt,easy,1.0,"[""A"", ""B"", ""C"", ""D"", ""E""]"
pna_panel4_150_005,pna_easy,pna_all,pna,pna:2018:part_1A:68,65,,2018.0,part_1A,68.0,A,easy,0.8333333333333333,pna:2018:part_1A:68,eval,pt,easy,0.8333333333333333,"[""A"", ""B"", ""C"", ""D"", ""E""]"
pna_panel4_150_006,pna_easy,pna_all,pna,pna:2018:part_1A:9,8,,2018.0,part_1A,9.0,A,easy,1.0,pna:2018:part_1A:9,eval,pt,easy,1.0,"[""A"", ""B"", ""C"", ""D"", ""E""]"
pna_panel4_150_007,pna_easy,pna_all,pna,pna:2018:part_2A:144,137,,2018.0,part_2A,144.0,B,easy,1.0,pna:2018:part_2A:144,eval,pt,easy,1.0,"[""A"", ""B"", ""C"", ""D"", ""E""]"
pna_panel4_150_008,pna_easy,pna_all,pna,pna:2019:part_1A:11,152,,2019.0,part_1A,11.0,A,easy,0.8333333333333333,pna:2019:part_1A:11,eval,pt,easy,0.8333333333333333,"[""A"", ""B"", ""C"", ""D"", ""E""]"
pna_panel4_150_009,pna_easy,pna_all,pna,pna:2019:part_2A:100,236,,2019.0,part_2A,100.0,E,easy,1.0,pna:2019:part_2A:100,eval,pt,easy,1.0,"[""A"", ""B"", ""C"", ""D"", ""E""]"
pna_panel4_150_010,pna_easy,pna_all,pna,pna:2019:part_2A:109,245,,2019.0,part_2A,109.0,C,easy,1.0,pna:2019:part_2A:109,eval,pt,easy,1.0,"[""A"", ""B"", ""C"", ""D"", ""E""]"
pna_panel4_150_011,pna_easy,pna_all,pna,pna:2019:part_2A:135,266,,2019.0,part_2A,135.0,B,easy,1.0,pna:2019:part_2A:135,eval,pt,easy,1.0,"[""A"", ""B"", ""C"", ""D"", ""E""]"
pna_panel4_150_012,pna_easy,pna_all,pna,pna:2019:part_2A:138,269,,2019.0,part_2A,138.0,D,easy,1.0,pna:2019:part_2A:138,eval,pt,easy,1.0,"[""A"", ""B"", ""C"", ""D"", ""E""]"
pna_panel4_150_013,pna_easy,pna_all,pna,pna:2020:part_1A:14,294,,2020.0,part_1A,14.0,A,easy,1.0,pna:2020:part_1A:14,eval,pt,easy,1.0,"[""A"", ""B"", ""C"", ""D"", ""E""]"
pna_panel4_150_014,pna_easy,pna_all,pna,pna:2020:part_1A:16,296,,2020.0,part_1A,16.0,A,easy,1.0,pna:2020:part_1A:16,eval,pt,easy,1.0,"[""A"", ""B"", ""C"", ""D"", ""E""]"
pna_panel4_150_015,pna_easy,pna_all,pna,pna:2020:part_1A:31,310,,2020.0,part_1A,31.0,E,easy,1.0,pna:2020:part_1A:31,eval,pt,easy,1.0,"[""A"", ""B"", ""C"", ""D"", ""E""]"
pna_panel4_150_016,pna_easy,pna_all,pna,pna:2020:part_1A:52,329,,2020.0,part_1A,52.0,B,easy,1.0,pna:2020:part_1A:52,eval,pt,easy,1.0,"[""A"", ""B"", ""C"", ""D"", ""E""]"
pna_panel4_150_017,pna_easy,pna_all,pna,pna:2020:part_1A:64,339,,2020.0,part_1A,64.0,A,easy,1.0,pna:2020:part_1A:64,eval,pt,easy,1.0,"[""A"", ""B"", ""C"", ""D"", ""E""]"
pna_panel4_150_018,pna_easy,pna_all,pna,pna:2020:part_1A:73,348,,2020.0,part_1A,73.0,B,easy,1.0,pna:2020:part_1A:73,eval,pt,easy,1.0,"[""A"", ""B"", ""C"", ""D"", ""E""]"
pna_panel4_150_019,pna_easy,pna_all,pna,pna:2020:part_1A:9,289,,2020.0,part_1A,9.0,D,easy,0.9166666666666666,pna:2020:part_1A:9,eval,pt,easy,0.9166666666666666,"[""A"", ""B"", ""C"", ""D"", ""E""]"
pna_panel4_150_020,pna_easy,pna_all,pna,pna:2020:part_2A:123,394,,2020.0,part_2A,123.0,B,easy,1.0,pna:2020:part_2A:123,eval,pt,easy,1.0,"[""A"", ""B"", ""C"", ""D"", ""E""]"
pna_panel4_150_021,pna_easy,pna_all,pna,pna:2020:part_2A:94,367,,2020.0,part_2A,94.0,B,easy,0.9166666666666666,pna:2020:part_2A:94,eval,pt,easy,0.9166666666666666,"[""A"", ""B"", ""C"", ""D"", ""E""]"
pna_panel4_150_022,pna_easy,pna_all,pna,pna:2021:part_1A:22,441,,2021.0,part_1A,22.0,E,easy,1.0,pna:2021:part_1A:22,eval,pt,easy,1.0,"[""A"", ""B"", ""C"", ""D"", ""E""]"
pna_panel4_150_023,pna_easy,pna_all,pna,pna:2021:part_1A:30,449,,2021.0,part_1A,30.0,A,easy,1.0,pna:2021:part_1A:30,eval,pt,easy,1.0,"[""A"", ""B"", ""C"", ""D"", ""E""]"
pna_panel4_150_024,pna_easy,pna_all,pna,pna:2021:part_1A:60,477,,2021.0,part_1A,60.0,E,easy,1.0,pna:2021:part_1A:60,eval,pt,easy,1.0,"[""A"", ""B"", ""C"", ""D"", ""E""]"
pna_panel4_150_025,pna_easy,pna_all,pna,pna:2021:part_1A:66,483,,2021.0,part_1A,66.0,B,easy,1.0,pna:2021:part_1A:66,eval,pt,easy,1.0,"[""A"", ""B"", ""C"", ""D"", ""E""]"
pna_panel4_150_026,pna_easy,pna_all,pna,pna:2021:part_2A:125,537,,2021.0,part_2A,125.0,B,easy,1.0,pna:2021:part_2A:125,eval,pt,easy,1.0,"[""A"", ""B"", ""C"", ""D"", ""E""]"
pna_panel4_150_027,pna_easy,pna_all,pna,pna:2021:part_2A:137,549,,2021.0,part_2A,137.0,C,easy,0.8333333333333333,pna:2021:part_2A:137,eval,pt,easy,0.8333333333333333,"[""A"", ""B"", ""C"", ""D"", ""E""]"
pna_panel4_150_028,pna_easy,pna_all,pna,pna:2022:part_1A:24,584,,2022.0,part_1A,24.0,B,easy,1.0,pna:2022:part_1A:24,eval,pt,easy,1.0,"[""A"", ""B"", ""C"", ""D"", ""E""]"
pna_panel4_150_029,pna_easy,pna_all,pna,pna:2022:part_1A:27,587,,2022.0,part_1A,27.0,B,easy,1.0,pna:2022:part_1A:27,eval,pt,easy,1.0,"[""A"", ""B"", ""C"", ""D"", ""E""]"
pna_panel4_150_030,pna_easy,pna_all,pna,pna:2022:part_1A:59,617,,2022.0,part_1A,59.0,D,easy,1.0,pna:2022:part_1A:59,eval,pt,easy,1.0,"[""A"", ""B"", ""C"", ""D"", ""E""]"
pna_panel4_150_031,pna_easy,pna_all,pna,pna:2022:part_2A:113,670,,2022.0,part_2A,113.0,C,easy,1.0,pna:2022:part_2A:113,eval,pt,easy,1.0,"[""A"", ""B"", ""C"", ""D"", ""E""]"
pna_panel4_150_032,pna_easy,pna_all,pna,pna:2022:part_2A:83,640,,2022.0,part_2A,83.0,A,easy,1.0,pna:2022:part_2A:83,eval,pt,easy,1.0,"[""A"", ""B"", ""C"", ""D"", ""E""]"
pna_panel4_150_033,pna_easy,pna_all,pna,pna:2023:part_1A:36,740,,2023.0,part_1A,36.0,B,easy,1.0,pna:2023:part_1A:36,eval,pt,easy,1.0,"[""A"", ""B"", ""C"", ""D"", ""E""]"
pna_panel4_150_034,pna_easy,pna_all,pna,pna:2023:part_1A:68,772,,2023.0,part_1A,68.0,C,easy,0.9166666666666666,pna:2023:part_1A:68,eval,pt,easy,0.9166666666666666,"[""A"", ""B"", ""C"", ""D"", ""E""]"
pna_panel4_150_035,pna_easy,pna_all,pna,pna:2023:part_1A:71,775,,2023.0,part_1A,71.0,C,easy,1.0,pna:2023:part_1A:71,eval,pt,easy,1.0,"[""A"", ""B"", ""C"", ""D"", ""E""]"
pna_panel4_150_036,pna_easy,pna_all,pna,pna:2023:part_2A:124,824,,2023.0,part_2A,124.0,E,easy,0.8333333333333334,pna:2023:part_2A:124,eval,pt,easy,0.8333333333333334,"[""A"", ""B"", ""C"", ""D"", ""E""]"
pna_panel4_150_037,pna_easy,pna_all,pna,pna:2023:part_2A:141,841,,2023.0,part_2A,141.0,B,easy,1.0,pna:2023:part_2A:141,eval,pt,easy,1.0,"[""A"", ""B"", ""C"", ""D"", ""E""]"
pna_panel4_150_038,pna_easy,pna_all,pna,pna:2023:part_2A:91,794,,2023.0,part_2A,91.0,A,easy,1.0,pna:2023:part_2A:91,eval,pt,easy,1.0,"[""A"", ""B"", ""C"", ""D"", ""E""]"
pna_panel4_150_039,pna_easy,pna_all,pna,pna:2024:part_1A:57,905,,2024.0,part_1A,57.0,E,easy,0.8333333333333334,pna:2024:part_1A:57,eval,pt,easy,0.8333333333333334,"[""A"", ""B"", ""C"", ""D"", ""E""]"
pna_panel4_150_040,pna_easy,pna_all,pna,pna:2024:part_2A:129,970,,2024.0,part_2A,129.0,B,easy,0.8333333333333333,pna:2024:part_2A:129,eval,pt,easy,0.8333333333333333,"[""A"", ""B"", ""C"", ""D"", ""E""]"
pna_panel4_150_041,pna_easy,pna_all,pna,pna:2024:part_2A:134,975,,2024.0,part_2A,134.0,E,easy,1.0,pna:2024:part_2A:134,eval,pt,easy,1.0,"[""A"", ""B"", ""C"", ""D"", ""E""]"
pna_panel4_150_042,pna_easy,pna_all,pna,pna:2024:part_2A:138,979,,2024.0,part_2A,138.0,A,easy,1.0,pna:2024:part_2A:138,eval,pt,easy,1.0,"[""A"", ""B"", ""C"", ""D"", ""E""]"
pna_panel4_150_043,pna_easy,pna_all,pna,pna:2024:part_2A:150,991,,2024.0,part_2A,150.0,A,easy,0.9166666666666666,pna:2024:part_2A:150,eval,pt,easy,0.9166666666666666,"[""A"", ""B"", ""C"", ""D"", ""E""]"
pna_panel4_150_044,pna_easy,pna_all,pna,pna:2024:part_2A:96,940,,2024.0,part_2A,96.0,A,easy,1.0,pna:2024:part_2A:96,eval,pt,easy,1.0,"[""A"", ""B"", ""C"", ""D"", ""E""]"
pna_panel4_150_045,pna_easy,pna_all,pna,pna:2025:part_1A:23,1014,,2025.0,part_1A,23.0,B,easy,1.0,pna:2025:part_1A:23,eval,pt,easy,1.0,"[""A"", ""B"", ""C"", ""D"", ""E""]"
pna_panel4_150_046,pna_easy,pna_all,pna,pna:2025:part_1A:4,995,,2025.0,part_1A,4.0,A,easy,1.0,pna:2025:part_1A:4,eval,pt,easy,1.0,"[""A"", ""B"", ""C"", ""D"", ""E""]"
pna_panel4_150_047,pna_easy,pna_all,pna,pna:2025:part_1A:59,1048,,2025.0,part_1A,59.0,D,easy,1.0,pna:2025:part_1A:59,eval,pt,easy,1.0,"[""A"", ""B"", ""C"", ""D"", ""E""]"
pna_panel4_150_048,pna_easy,pna_all,pna,pna:2025:part_1A:8,999,,2025.0,part_1A,8.0,A,easy,0.8333333333333333,pna:2025:part_1A:8,eval,pt,easy,0.8333333333333333,"[""A"", ""B"", ""C"", ""D"", ""E""]"
pna_panel4_150_049,pna_easy,pna_all,pna,pna:2025:part_2A:106,1089,,2025.0,part_2A,106.0,B,easy,1.0,pna:2025:part_2A:106,eval,pt,easy,1.0,"[""A"", ""B"", ""C"", ""D"", ""E""]"
pna_panel4_150_050,pna_easy,pna_all,pna,pna:2025:part_2A:148,1130,,2025.0,part_2A,148.0,C,easy,1.0,pna:2025:part_2A:148,eval,pt,easy,1.0,"[""A"", ""B"", ""C"", ""D"", ""E""]"
pna_panel4_150_051,pna_hard,pna_all,pna,pna:2018:part_1A:42,39,,2018.0,part_1A,42.0,D,hard,0.0,pna:2018:part_1A:42,eval,pt,hard,0.0,"[""A"", ""B"", ""C"", ""D"", ""E""]"
pna_panel4_150_052,pna_hard,pna_all,pna,pna:2018:part_1A:59,56,,2018.0,part_1A,59.0,A,hard,0.0833333333333333,pna:2018:part_1A:59,eval,pt,hard,0.0833333333333333,"[""A"", ""B"", ""C"", ""D"", ""E""]"
pna_panel4_150_053,pna_hard,pna_all,pna,pna:2018:part_1A:6,5,,2018.0,part_1A,6.0,C,hard,0.0,pna:2018:part_1A:6,eval,pt,hard,0.0,"[""A"", ""B"", ""C"", ""D"", ""E""]"
pna_panel4_150_054,pna_hard,pna_all,pna,pna:2018:part_1A:74,71,,2018.0,part_1A,74.0,E,hard,0.0833333333333333,pna:2018:part_1A:74,eval,pt,hard,0.0833333333333333,"[""A"", ""B"", ""C"", ""D"", ""E""]"
pna_panel4_150_055,pna_hard,pna_all,pna,pna:2018:part_2A:113,107,,2018.0,part_2A,113.0,E,hard,0.3333333333333333,pna:2018:part_2A:113,eval,pt,hard,0.3333333333333333,"[""A"", ""B"", ""C"", ""D"", ""E""]"
pna_panel4_150_056,pna_hard,pna_all,pna,pna:2019:part_1A:44,182,,2019.0,part_1A,44.0,A,hard,0.1666666666666666,pna:2019:part_1A:44,eval,pt,hard,0.1666666666666666,"[""A"", ""B"", ""C"", ""D"", ""E""]"
pna_panel4_150_057,pna_hard,pna_all,pna,pna:2019:part_1A:75,211,,2019.0,part_1A,75.0,E,hard,0.25,pna:2019:part_1A:75,eval,pt,hard,0.25,"[""A"", ""B"", ""C"", ""D"", ""E""]"
pna_panel4_150_058,pna_hard,pna_all,pna,pna:2019:part_2A:103,239,,2019.0,part_2A,103.0,C,hard,0.25,pna:2019:part_2A:103,eval,pt,hard,0.25,"[""A"", ""B"", ""C"", ""D"", ""E""]"
pna_panel4_150_059,pna_hard,pna_all,pna,pna:2019:part_2A:122,254,,2019.0,part_2A,122.0,D,hard,0.0833333333333333,pna:2019:part_2A:122,eval,pt,hard,0.0833333333333333,"[""A"", ""B"", ""C"", ""D"", ""E""]"
pna_panel4_150_060,pna_hard,pna_all,pna,pna:2020:part_1A:10,290,,2020.0,part_1A,10.0,A,hard,0.0,pna:2020:part_1A:10,eval,pt,hard,0.0,"[""A"", ""B"", ""C"", ""D"", ""E""]"
pna_panel4_150_061,pna_hard,pna_all,pna,pna:2020:part_1A:2,282,,2020.0,part_1A,2.0,A,hard,0.25,pna:2020:part_1A:2,eval,pt,hard,0.25,"[""A"", ""B"", ""C"", ""D"", ""E""]"
pna_panel4_150_062,pna_hard,pna_all,pna,pna:2020:part_1A:27,306,,2020.0,part_1A,27.0,A,hard,0.0,pna:2020:part_1A:27,eval,pt,hard,0.0,"[""A"", ""B"", ""C"", ""D"", ""E""]"
pna_panel4_150_063,pna_hard,pna_all,pna,pna:2020:part_1A:70,345,,2020.0,part_1A,70.0,D,hard,0.25,pna:2020:part_1A:70,eval,pt,hard,0.25,"[""A"", ""B"", ""C"", ""D"", ""E""]"
pna_panel4_150_064,pna_hard,pna_all,pna,pna:2020:part_2A:105,377,,2020.0,part_2A,105.0,C,hard,0.0,pna:2020:part_2A:105,eval,pt,hard,0.0,"[""A"", ""B"", ""C"", ""D"", ""E""]"
pna_panel4_150_065,pna_hard,pna_all,pna,pna:2021:part_1A:18,437,,2021.0,part_1A,18.0,D,hard,0.1666666666666666,pna:2021:part_1A:18,eval,pt,hard,0.1666666666666666,"[""A"", ""B"", ""C"", ""D"", ""E""]"
pna_panel4_150_066,pna_hard,pna_all,pna,pna:2021:part_1A:46,464,,2021.0,part_1A,46.0,C,hard,0.0833333333333333,pna:2021:part_1A:46,eval,pt,hard,0.0833333333333333,"[""A"", ""B"", ""C"", ""D"", ""E""]"
pna_panel4_150_067,pna_hard,pna_all,pna,pna:2021:part_1A:5,424,,2021.0,part_1A,5.0,D,hard,0.3333333333333333,pna:2021:part_1A:5,eval,pt,hard,0.3333333333333333,"[""A"", ""B"", ""C"", ""D"", ""E""]"
pna_panel4_150_068,pna_hard,pna_all,pna,pna:2021:part_1A:61,478,,2021.0,part_1A,61.0,D,hard,0.1666666666666666,pna:2021:part_1A:61,eval,pt,hard,0.1666666666666666,"[""A"", ""B"", ""C"", ""D"", ""E""]"
pna_panel4_150_069,pna_hard,pna_all,pna,pna:2021:part_1A:68,485,,2021.0,part_1A,68.0,C,hard,0.0833333333333333,pna:2021:part_1A:68,eval,pt,hard,0.0833333333333333,"[""A"", ""B"", ""C"", ""D"", ""E""]"
pna_panel4_150_070,pna_hard,pna_all,pna,pna:2021:part_1A:71,488,,2021.0,part_1A,71.0,A,hard,0.25,pna:2021:part_1A:71,eval,pt,hard,0.25,"[""A"", ""B"", ""C"", ""D"", ""E""]"
pna_panel4_150_071,pna_hard,pna_all,pna,pna:2021:part_2A:100,514,,2021.0,part_2A,100.0,E,hard,0.25,pna:2021:part_2A:100,eval,pt,hard,0.25,"[""A"", ""B"", ""C"", ""D"", ""E""]"
pna_panel4_150_072,pna_hard,pna_all,pna,pna:2021:part_2A:113,525,,2021.0,part_2A,113.0,A,hard,0.0833333333333333,pna:2021:part_2A:113,eval,pt,hard,0.0833333333333333,"[""A"", ""B"", ""C"", ""D"", ""E""]"
pna_panel4_150_073,pna_hard,pna_all,pna,pna:2021:part_2A:116,528,,2021.0,part_2A,116.0,C,hard,0.0833333333333333,pna:2021:part_2A:116,eval,pt,hard,0.0833333333333333,"[""A"", ""B"", ""C"", ""D"", ""E""]"
pna_panel4_150_074,pna_hard,pna_all,pna,pna:2021:part_2A:129,541,,2021.0,part_2A,129.0,A,hard,0.3333333333333333,pna:2021:part_2A:129,eval,pt,hard,0.3333333333333333,"[""A"", ""B"", ""C"", ""D"", ""E""]"
pna_panel4_150_075,pna_hard,pna_all,pna,pna:2021:part_2A:90,505,,2021.0,part_2A,90.0,D,hard,0.3333333333333333,pna:2021:part_2A:90,eval,pt,hard,0.3333333333333333,"[""A"", ""B"", ""C"", ""D"", ""E""]"
pna_panel4_150_076,pna_hard,pna_all,pna,pna:2021:part_2A:95,509,,2021.0,part_2A,95.0,B,hard,0.3333333333333333,pna:2021:part_2A:95,eval,pt,hard,0.3333333333333333,"[""A"", ""B"", ""C"", ""D"", ""E""]"
pna_panel4_150_077,pna_hard,pna_all,pna,pna:2022:part_1A:11,571,,2022.0,part_1A,11.0,C,hard,0.25,pna:2022:part_1A:11,eval,pt,hard,0.25,"[""A"", ""B"", ""C"", ""D"", ""E""]"
pna_panel4_150_078,pna_hard,pna_all,pna,pna:2022:part_1A:17,577,,2022.0,part_1A,17.0,D,hard,0.1666666666666666,pna:2022:part_1A:17,eval,pt,hard,0.1666666666666666,"[""A"", ""B"", ""C"", ""D"", ""E""]"
pna_panel4_150_079,pna_hard,pna_all,pna,pna:2022:part_1A:19,579,,2022.0,part_1A,19.0,B,hard,0.0,pna:2022:part_1A:19,eval,pt,hard,0.0,"[""A"", ""B"", ""C"", ""D"", ""E""]"
pna_panel4_150_080,pna_hard,pna_all,pna,pna:2022:part_1A:23,583,,2022.0,part_1A,23.0,E,hard,0.0833333333333333,pna:2022:part_1A:23,eval,pt,hard,0.0833333333333333,"[""A"", ""B"", ""C"", ""D"", ""E""]"
pna_panel4_150_081,pna_hard,pna_all,pna,pna:2022:part_1A:51,609,,2022.0,part_1A,51.0,C,hard,0.3333333333333333,pna:2022:part_1A:51,eval,pt,hard,0.3333333333333333,"[""A"", ""B"", ""C"", ""D"", ""E""]"
pna_panel4_150_082,pna_hard,pna_all,pna,pna:2022:part_1A:64,622,,2022.0,part_1A,64.0,A,hard,0.1666666666666666,pna:2022:part_1A:64,eval,pt,hard,0.1666666666666666,"[""A"", ""B"", ""C"", ""D"", ""E""]"
pna_panel4_150_083,pna_hard,pna_all,pna,pna:2022:part_2A:100,657,,2022.0,part_2A,100.0,A,hard,0.1666666666666666,pna:2022:part_2A:100,eval,pt,hard,0.1666666666666666,"[""A"", ""B"", ""C"", ""D"", ""E""]"
pna_panel4_150_084,pna_hard,pna_all,pna,pna:2022:part_2A:132,689,,2022.0,part_2A,132.0,A,hard,0.25,pna:2022:part_2A:132,eval,pt,hard,0.25,"[""A"", ""B"", ""C"", ""D"", ""E""]"
pna_panel4_150_085,pna_hard,pna_all,pna,pna:2022:part_2A:138,695,,2022.0,part_2A,138.0,A,hard,0.0,pna:2022:part_2A:138,eval,pt,hard,0.0,"[""A"", ""B"", ""C"", ""D"", ""E""]"
pna_panel4_150_086,pna_hard,pna_all,pna,pna:2023:part_1A:31,735,,2023.0,part_1A,31.0,D,hard,0.25,pna:2023:part_1A:31,eval,pt,hard,0.25,"[""A"", ""B"", ""C"", ""D"", ""E""]"
pna_panel4_150_087,pna_hard,pna_all,pna,pna:2023:part_1A:34,738,,2023.0,part_1A,34.0,E,hard,0.3333333333333333,pna:2023:part_1A:34,eval,pt,hard,0.3333333333333333,"[""A"", ""B"", ""C"", ""D"", ""E""]"
pna_panel4_150_088,pna_hard,pna_all,pna,pna:2023:part_1A:52,756,,2023.0,part_1A,52.0,C,hard,0.25,pna:2023:part_1A:52,eval,pt,hard,0.25,"[""A"", ""B"", ""C"", ""D"", ""E""]"
pna_panel4_150_089,pna_hard,pna_all,pna,pna:2023:part_2A:81,784,,2023.0,part_2A,81.0,E,hard,0.1666666666666666,pna:2023:part_2A:81,eval,pt,hard,0.1666666666666666,"[""A"", ""B"", ""C"", ""D"", ""E""]"
pna_panel4_150_090,pna_hard,pna_all,pna,pna:2023:part_2A:87,790,,2023.0,part_2A,87.0,B,hard,0.0833333333333333,pna:2023:part_2A:87,eval,pt,hard,0.0833333333333333,"[""A"", ""B"", ""C"", ""D"", ""E""]"
pna_panel4_150_091,pna_hard,pna_all,pna,pna:2024:part_1A:12,861,,2024.0,part_1A,12.0,B,hard,0.3333333333333333,pna:2024:part_1A:12,eval,pt,hard,0.3333333333333333,"[""A"", ""B"", ""C"", ""D"", ""E""]"
pna_panel4_150_092,pna_hard,pna_all,pna,pna:2024:part_1A:31,879,,2024.0,part_1A,31.0,C,hard,0.0,pna:2024:part_1A:31,eval,pt,hard,0.0,"[""A"", ""B"", ""C"", ""D"", ""E""]"
pna_panel4_150_093,pna_hard,pna_all,pna,pna:2024:part_1A:44,892,,2024.0,part_1A,44.0,E,hard,0.25,pna:2024:part_1A:44,eval,pt,hard,0.25,"[""A"", ""B"", ""C"", ""D"", ""E""]"
pna_panel4_150_094,pna_hard,pna_all,pna,pna:2024:part_1A:9,858,,2024.0,part_1A,9.0,A,hard,0.0,pna:2024:part_1A:9,eval,pt,hard,0.0,"[""A"", ""B"", ""C"", ""D"", ""E""]"
pna_panel4_150_095,pna_hard,pna_all,pna,pna:2024:part_2A:92,936,,2024.0,part_2A,92.0,C,hard,0.0,pna:2024:part_2A:92,eval,pt,hard,0.0,"[""A"", ""B"", ""C"", ""D"", ""E""]"
pna_panel4_150_096,pna_hard,pna_all,pna,pna:2024:part_2A:93,937,,2024.0,part_2A,93.0,A,hard,0.0,pna:2024:part_2A:93,eval,pt,hard,0.0,"[""A"", ""B"", ""C"", ""D"", ""E""]"
pna_panel4_150_097,pna_hard,pna_all,pna,pna:2025:part_1A:42,1031,,2025.0,part_1A,42.0,E,hard,0.0,pna:2025:part_1A:42,eval,pt,hard,0.0,"[""A"", ""B"", ""C"", ""D"", ""E""]"
pna_panel4_150_098,pna_hard,pna_all,pna,pna:2025:part_1A:72,1058,,2025.0,part_1A,72.0,C,hard,0.0833333333333333,pna:2025:part_1A:72,eval,pt,hard,0.0833333333333333,"[""A"", ""B"", ""C"", ""D"", ""E""]"
pna_panel4_150_099,pna_hard,pna_all,pna,pna:2025:part_2A:118,1101,,2025.0,part_2A,118.0,E,hard,0.0,pna:2025:part_2A:118,eval,pt,hard,0.0,"[""A"", ""B"", ""C"", ""D"", ""E""]"
pna_panel4_150_100,pna_hard,pna_all,pna,pna:2025:part_2A:130,1113,,2025.0,part_2A,130.0,B,hard,0.3333333333333333,pna:2025:part_2A:130,eval,pt,hard,0.3333333333333333,"[""A"", ""B"", ""C"", ""D"", ""E""]"
pna_panel4_150_101,pna_medium,pna_all,pna,pna:2018:part_1A:20,17,,2018.0,part_1A,20.0,A,medium,0.5,pna:2018:part_1A:20,eval,pt,medium,0.5,"[""A"", ""B"", ""C"", ""D"", ""E""]"
pna_panel4_150_102,pna_medium,pna_all,pna,pna:2018:part_1A:3,2,,2018.0,part_1A,3.0,C,medium,0.4166666666666666,pna:2018:part_1A:3,eval,pt,medium,0.4166666666666666,"[""A"", ""B"", ""C"", ""D"", ""E""]"
pna_panel4_150_103,pna_medium,pna_all,pna,pna:2018:part_1A:36,33,,2018.0,part_1A,36.0,D,medium,0.75,pna:2018:part_1A:36,eval,pt,medium,0.75,"[""A"", ""B"", ""C"", ""D"", ""E""]"
pna_panel4_150_104,pna_medium,pna_all,pna,pna:2018:part_2A:109,103,,2018.0,part_2A,109.0,B,medium,0.75,pna:2018:part_2A:109,eval,pt,medium,0.75,"[""A"", ""B"", ""C"", ""D"", ""E""]"
pna_panel4_150_105,pna_medium,pna_all,pna,pna:2018:part_2A:143,136,,2018.0,part_2A,143.0,D,medium,0.6666666666666666,pna:2018:part_2A:143,eval,pt,medium,0.6666666666666666,"[""A"", ""B"", ""C"", ""D"", ""E""]"
pna_panel4_150_106,pna_medium,pna_all,pna,pna:2018:part_2A:84,80,,2018.0,part_2A,84.0,A,medium,0.6666666666666666,pna:2018:part_2A:84,eval,pt,medium,0.6666666666666666,"[""A"", ""B"", ""C"", ""D"", ""E""]"
pna_panel4_150_107,pna_medium,pna_all,pna,pna:2018:part_2A:94,89,,2018.0,part_2A,94.0,A,medium,0.75,pna:2018:part_2A:94,eval,pt,medium,0.75,"[""A"", ""B"", ""C"", ""D"", ""E""]"
pna_panel4_150_108,pna_medium,pna_all,pna,pna:2019:part_1A:25,164,,2019.0,part_1A,25.0,D,medium,0.75,pna:2019:part_1A:25,eval,pt,medium,0.75,"[""A"", ""B"", ""C"", ""D"", ""E""]"
pna_panel4_150_109,pna_medium,pna_all,pna,pna:2019:part_1A:45,183,,2019.0,part_1A,45.0,E,medium,0.5,pna:2019:part_1A:45,eval,pt,medium,0.5,"[""A"", ""B"", ""C"", ""D"", ""E""]"
pna_panel4_150_110,pna_medium,pna_all,pna,pna:2019:part_1A:48,186,,2019.0,part_1A,48.0,C,medium,0.75,pna:2019:part_1A:48,eval,pt,medium,0.75,"[""A"", ""B"", ""C"", ""D"", ""E""]"
pna_panel4_150_111,pna_medium,pna_all,pna,pna:2019:part_1A:54,192,,2019.0,part_1A,54.0,A,medium,0.7499999999999999,pna:2019:part_1A:54,eval,pt,medium,0.7499999999999999,"[""A"", ""B"", ""C"", ""D"", ""E""]"
pna_panel4_150_112,pna_medium,pna_all,pna,pna:2019:part_2A:102,238,,2019.0,part_2A,102.0,C,medium,0.5833333333333333,pna:2019:part_2A:102,eval,pt,medium,0.5833333333333333,"[""A"", ""B"", ""C"", ""D"", ""E""]"
pna_panel4_150_113,pna_medium,pna_all,pna,pna:2020:part_1A:21,301,,2020.0,part_1A,21.0,D,medium,0.6666666666666666,pna:2020:part_1A:21,eval,pt,medium,0.6666666666666666,"[""A"", ""B"", ""C"", ""D"", ""E""]"
pna_panel4_150_114,pna_medium,pna_all,pna,pna:2020:part_1A:30,309,,2020.0,part_1A,30.0,A,medium,0.75,pna:2020:part_1A:30,eval,pt,medium,0.75,"[""A"", ""B"", ""C"", ""D"", ""E""]"
pna_panel4_150_115,pna_medium,pna_all,pna,pna:2020:part_2A:130,400,,2020.0,part_2A,130.0,A,medium,0.75,pna:2020:part_2A:130,eval,pt,medium,0.75,"[""A"", ""B"", ""C"", ""D"", ""E""]"
pna_panel4_150_116,pna_medium,pna_all,pna,pna:2021:part_1A:26,445,,2021.0,part_1A,26.0,E,medium,0.75,pna:2021:part_1A:26,eval,pt,medium,0.75,"[""A"", ""B"", ""C"", ""D"", ""E""]"
pna_panel4_150_117,pna_medium,pna_all,pna,pna:2021:part_1A:4,423,,2021.0,part_1A,4.0,A,medium,0.6666666666666666,pna:2021:part_1A:4,eval,pt,medium,0.6666666666666666,"[""A"", ""B"", ""C"", ""D"", ""E""]"
pna_panel4_150_118,pna_medium,pna_all,pna,pna:2021:part_1A:44,462,,2021.0,part_1A,44.0,C,medium,0.5833333333333334,pna:2021:part_1A:44,eval,pt,medium,0.5833333333333334,"[""A"", ""B"", ""C"", ""D"", ""E""]"
pna_panel4_150_119,pna_medium,pna_all,pna,pna:2021:part_1A:57,474,,2021.0,part_1A,57.0,C,medium,0.5,pna:2021:part_1A:57,eval,pt,medium,0.5,"[""A"", ""B"", ""C"", ""D"", ""E""]"
pna_panel4_150_120,pna_medium,pna_all,pna,pna:2021:part_2A:105,518,,2021.0,part_2A,105.0,E,medium,0.4166666666666666,pna:2021:part_2A:105,eval,pt,medium,0.4166666666666666,"[""A"", ""B"", ""C"", ""D"", ""E""]"
pna_panel4_150_121,pna_medium,pna_all,pna,pna:2021:part_2A:118,530,,2021.0,part_2A,118.0,A,medium,0.75,pna:2021:part_2A:118,eval,pt,medium,0.75,"[""A"", ""B"", ""C"", ""D"", ""E""]"
pna_panel4_150_122,pna_medium,pna_all,pna,pna:2021:part_2A:145,557,,2021.0,part_2A,145.0,E,medium,0.5,pna:2021:part_2A:145,eval,pt,medium,0.5,"[""A"", ""B"", ""C"", ""D"", ""E""]"
pna_panel4_150_123,pna_medium,pna_all,pna,pna:2021:part_2A:82,498,,2021.0,part_2A,82.0,A,medium,0.5833333333333334,pna:2021:part_2A:82,eval,pt,medium,0.5833333333333334,"[""A"", ""B"", ""C"", ""D"", ""E""]"
pna_panel4_150_124,pna_medium,pna_all,pna,pna:2022:part_1A:15,575,,2022.0,part_1A,15.0,B,medium,0.4166666666666666,pna:2022:part_1A:15,eval,pt,medium,0.4166666666666666,"[""A"", ""B"", ""C"", ""D"", ""E""]"
pna_panel4_150_125,pna_medium,pna_all,pna,pna:2022:part_1A:18,578,,2022.0,part_1A,18.0,B,medium,0.5,pna:2022:part_1A:18,eval,pt,medium,0.5,"[""A"", ""B"", ""C"", ""D"", ""E""]"
pna_panel4_150_126,pna_medium,pna_all,pna,pna:2022:part_1A:25,585,,2022.0,part_1A,25.0,C,medium,0.5833333333333333,pna:2022:part_1A:25,eval,pt,medium,0.5833333333333333,"[""A"", ""B"", ""C"", ""D"", ""E""]"
pna_panel4_150_127,pna_medium,pna_all,pna,pna:2022:part_1A:29,589,,2022.0,part_1A,29.0,A,medium,0.75,pna:2022:part_1A:29,eval,pt,medium,0.75,"[""A"", ""B"", ""C"", ""D"", ""E""]"
pna_panel4_150_128,pna_medium,pna_all,pna,pna:2022:part_1A:33,592,,2022.0,part_1A,33.0,C,medium,0.4166666666666666,pna:2022:part_1A:33,eval,pt,medium,0.4166666666666666,"[""A"", ""B"", ""C"", ""D"", ""E""]"
pna_panel4_150_129,pna_medium,pna_all,pna,pna:2022:part_1A:46,604,,2022.0,part_1A,46.0,C,medium,0.75,pna:2022:part_1A:46,eval,pt,medium,0.75,"[""A"", ""B"", ""C"", ""D"", ""E""]"
pna_panel4_150_130,pna_medium,pna_all,pna,pna:2022:part_2A:129,686,,2022.0,part_2A,129.0,D,medium,0.5833333333333334,pna:2022:part_2A:129,eval,pt,medium,0.5833333333333334,"[""A"", ""B"", ""C"", ""D"", ""E""]"
pna_panel4_150_131,pna_medium,pna_all,pna,pna:2022:part_2A:79,636,,2022.0,part_2A,79.0,B,medium,0.4166666666666666,pna:2022:part_2A:79,eval,pt,medium,0.4166666666666666,"[""A"", ""B"", ""C"", ""D"", ""E""]"
pna_panel4_150_132,pna_medium,pna_all,pna,pna:2023:part_1A:11,715,,2023.0,part_1A,11.0,A,medium,0.75,pna:2023:part_1A:11,eval,pt,medium,0.75,"[""A"", ""B"", ""C"", ""D"", ""E""]"
pna_panel4_150_133,pna_medium,pna_all,pna,pna:2023:part_1A:5,710,,2023.0,part_1A,5.0,E,medium,0.5833333333333333,pna:2023:part_1A:5,eval,pt,medium,0.5833333333333333,"[""A"", ""B"", ""C"", ""D"", ""E""]"
pna_panel4_150_134,pna_medium,pna_all,pna,pna:2023:part_1A:50,754,,2023.0,part_1A,50.0,E,medium,0.75,pna:2023:part_1A:50,eval,pt,medium,0.75,"[""A"", ""B"", ""C"", ""D"", ""E""]"
pna_panel4_150_135,pna_medium,pna_all,pna,pna:2023:part_1A:55,759,,2023.0,part_1A,55.0,E,medium,0.5833333333333334,pna:2023:part_1A:55,eval,pt,medium,0.5833333333333334,"[""A"", ""B"", ""C"", ""D"", ""E""]"
pna_panel4_150_136,pna_medium,pna_all,pna,pna:2023:part_2A:103,805,,2023.0,part_2A,103.0,E,medium,0.75,pna:2023:part_2A:103,eval,pt,medium,0.75,"[""A"", ""B"", ""C"", ""D"", ""E""]"
pna_panel4_150_137,pna_medium,pna_all,pna,pna:2023:part_2A:105,807,,2023.0,part_2A,105.0,B,medium,0.75,pna:2023:part_2A:105,eval,pt,medium,0.75,"[""A"", ""B"", ""C"", ""D"", ""E""]"
pna_panel4_150_138,pna_medium,pna_all,pna,pna:2023:part_2A:90,793,,2023.0,part_2A,90.0,D,medium,0.75,pna:2023:part_2A:90,eval,pt,medium,0.75,"[""A"", ""B"", ""C"", ""D"", ""E""]"
pna_panel4_150_139,pna_medium,pna_all,pna,pna:2024:part_1A:11,860,,2024.0,part_1A,11.0,D,medium,0.5833333333333333,pna:2024:part_1A:11,eval,pt,medium,0.5833333333333333,"[""A"", ""B"", ""C"", ""D"", ""E""]"
pna_panel4_150_140,pna_medium,pna_all,pna,pna:2024:part_1A:35,883,,2024.0,part_1A,35.0,C,medium,0.5833333333333333,pna:2024:part_1A:35,eval,pt,medium,0.5833333333333333,"[""A"", ""B"", ""C"", ""D"", ""E""]"
pna_panel4_150_141,pna_medium,pna_all,pna,pna:2024:part_1A:58,906,,2024.0,part_1A,58.0,E,medium,0.75,pna:2024:part_1A:58,eval,pt,medium,0.75,"[""A"", ""B"", ""C"", ""D"", ""E""]"
pna_panel4_150_142,pna_medium,pna_all,pna,pna:2024:part_2A:119,960,,2024.0,part_2A,119.0,D,medium,0.5,pna:2024:part_2A:119,eval,pt,medium,0.5,"[""A"", ""B"", ""C"", ""D"", ""E""]"
pna_panel4_150_143,pna_medium,pna_all,pna,pna:2024:part_2A:97,941,,2024.0,part_2A,97.0,D,medium,0.75,pna:2024:part_2A:97,eval,pt,medium,0.75,"[""A"", ""B"", ""C"", ""D"", ""E""]"
pna_panel4_150_144,pna_medium,pna_all,pna,pna:2025:part_1A:10,1001,,2025.0,part_1A,10.0,D,medium,0.4166666666666666,pna:2025:part_1A:10,eval,pt,medium,0.4166666666666666,"[""A"", ""B"", ""C"", ""D"", ""E""]"
pna_panel4_150_145,pna_medium,pna_all,pna,pna:2025:part_1A:22,1013,,2025.0,part_1A,22.0,A,medium,0.4166666666666666,pna:2025:part_1A:22,eval,pt,medium,0.4166666666666666,"[""A"", ""B"", ""C"", ""D"", ""E""]"
pna_panel4_150_146,pna_medium,pna_all,pna,pna:2025:part_1A:35,1025,,2025.0,part_1A,35.0,A,medium,0.6666666666666666,pna:2025:part_1A:35,eval,pt,medium,0.6666666666666666,"[""A"", ""B"", ""C"", ""D"", ""E""]"
pna_panel4_150_147,pna_medium,pna_all,pna,pna:2025:part_1A:60,1049,,2025.0,part_1A,60.0,A,medium,0.7499999999999999,pna:2025:part_1A:60,eval,pt,medium,0.7499999999999999,"[""A"", ""B"", ""C"", ""D"", ""E""]"
pna_panel4_150_148,pna_medium,pna_all,pna,pna:2025:part_2A:107,1090,,2025.0,part_2A,107.0,D,medium,0.5833333333333333,pna:2025:part_2A:107,eval,pt,medium,0.5833333333333333,"[""A"", ""B"", ""C"", ""D"", ""E""]"
pna_panel4_150_149,pna_medium,pna_all,pna,pna:2025:part_2A:113,1096,,2025.0,part_2A,113.0,E,medium,0.75,pna:2025:part_2A:113,eval,pt,medium,0.75,"[""A"", ""B"", ""C"", ""D"", ""E""]"
pna_panel4_150_150,pna_medium,pna_all,pna,pna:2025:part_2A:85,1069,,2025.0,part_2A,85.0,C,medium,0.6666666666666666,pna:2025:part_2A:85,eval,pt,medium,0.6666666666666666,"[""A"", ""B"", ""C"", ""D"", ""E""]"
